id,created_at,name,description,image_url,video_url,release_date,language,status,director_id,studio_id
8,2023-02-02 13:59:05.807488+00,Valkyrie,"Wounded in Africa during World War II, Nazi Col. Claus von Stauffenberg returns to his native Germany and joins the Resistance in a daring plan to create a shadow government and assassinate Adolf Hitler. When events unfold so that he becomes a central player, he finds himself tasked with both leading the coup and personally killing the Führer.",https://www.themoviedb.org/t/p/w300_and_h450_bestv2/8eoRtXswC8IQDsqW7iJWO56NhAv.jpg,https://youtu.be/FHtCaVtryiE,2008-12-25,English,2,7,14
9,2023-02-02 14:03:34.312826+00,The Last Samurai ,"Nathan Algren is an American hired to instruct the Japanese army in the ways of modern warfare, which finds him learning to respect the samurai and the honorable principles that rule them. Pressed to destroy the samurai's way of life in the name of modernization and open trade, Algren decides to become an ultimate warrior himself and to fight for their right to exist.",https://www.themoviedb.org/t/p/w300_and_h450_bestv2/lsasOSgYI85EHygtT5SvcxtZVYT.jpg,https://youtu.be/kJ27kgmhI6Q,2016-01-07,English,2,5,7
10,2023-02-02 14:06:23.789355+00,Collateral,Cab driver Max picks up a man who offers him $600 to drive him around. But the promise of easy money sours when Max realizes his fare is an assassin.,https://www.themoviedb.org/t/p/w300_and_h450_bestv2/iOpi3ut5DhQIbrVVjlnmfy2U7dI.jpg,https://youtu.be/-JDf2zIFgO8,2019-12-27,English,2,8,1
11,2023-02-02 14:08:42.73668+00,Top Gun,"For Lieutenant Pete 'Maverick' Mitchell and his friend and co-pilot Nick 'Goose' Bradshaw, being accepted into an elite training school for fighter pilots is a dream come true. But a tragedy, as well as personal demons, will threaten Pete's dreams of becoming an ace pilot.",https://www.themoviedb.org/t/p/w300_and_h450_bestv2/xUuHj3CgmZQ9P2cMaqQs4J0d4Zc.jpg,https://youtu.be/ArOMXELHiLw,1986-05-16,English,2,9,1
12,2023-02-02 14:11:48.389816+00,Mission: Impossible,"When Ethan Hunt, the leader of a crack espionage team whose perilous operation has gone awry with no explanation, discovers that a mole has penetrated the CIA, he's surprised to learn that he's the No. 1 suspect. To clear his name, Hunt now must ferret out the real double agent and, in the process, even the score.",https://www.themoviedb.org/t/p/w300_and_h450_bestv2/l5uxY5m5OInWpcExIpKG6AR3rgL.jpg,https://youtu.be/vadCbBuUM0E,1996-05-22,English,2,10,1
13,2023-02-02 14:14:30.758263+00,Mission: Impossible II,"With computer genius Luther Stickell at his side and a beautiful thief on his mind, agent Ethan Hunt races across Australia and Spain to stop a former IMF agent from unleashing a genetically engineered biological weapon called Chimera. This mission, should Hunt choose to accept it, plunges him into the center of an international crisis of terrifying magnitude.",https://www.themoviedb.org/t/p/w300_and_h450_bestv2/1VMWLpk9VXyYcEZ8w3uUhp0OF1v.jpg,https://youtu.be/vIpqpRuGrq4,2000-06-03,English,2,11,1
1,2023-02-01 10:31:57.292987+00,Top Gun: Maverick,"After more than thirty years of service as one of the Navy’s top aviators, and dodging the advancement in rank that would ground him, Pete “Maverick” Mitchell finds himself training a detachment of TOP GUN graduates for a specialized mission the likes of which no living pilot has ever seen.",https://www.themoviedb.org/t/p/w300_and_h450_bestv2/62HCnUTziyWcpDaBO2i1DX17ljH.jpg,https://youtu.be/qSqVVswa420,2022-05-27,English,2,2,1
2,2023-02-02 13:33:10.042563+00,American Made,"The true story of pilot Barry Seal, who transported contraband for the CIA and the Medellin cartel in the 1980s.",https://www.themoviedb.org/t/p/w300_and_h450_bestv2/23ILgoPSO5ShKcTZOuiTVfqFAUB.jpg,https://youtu.be/AEBIJRAkujM,2017-08-25,English,2,3,11
3,2023-02-02 13:38:49.483808+00,The Mummy,"Though safely entombed in a crypt deep beneath the unforgiving desert, an ancient queen whose destiny was unjustly taken from her is awakened in our current day, bringing with her malevolence grown over millennia, and terrors that defy human comprehension.",https://www.themoviedb.org/t/p/w300_and_h450_bestv2/zxkY8byBnCsXodEYpK8tmwEGXBI.jpg,https://youtu.be/IjHgzkQM2Sg,2017-06-07,English,2,4,12
4,2023-02-02 13:43:21.229566+00,Jack Reacher: Never Go Back,"When Major Susan Turner is arrested for treason, ex-investigator Jack Reacher undertakes the challenging task to prove her innocence and ends up exposing a shocking conspiracy.",https://www.themoviedb.org/t/p/w300_and_h450_bestv2/bvCEEs5l3ylNIgH4foqOmQk0qdi.jpg,https://youtu.be/aoCP_JHzBUM,2016-10-21,English,2,5,1
5,2023-02-02 13:45:52.912204+00,Edge of Tomorrow,"Major Bill Cage is an officer who has never seen a day of combat when he is unceremoniously demoted and dropped into combat. Cage is killed within minutes, managing to take an alpha alien down with him. He awakens back at the beginning of the same day and is forced to fight and die again... and again - as physical contact with the alien has thrown him into a time loop.",https://www.themoviedb.org/t/p/w300_and_h450_bestv2/7AE6rHXlz6mrypc3hky6T1SywSs.jpg,https://youtu.be/vw61gCe2oqI,2014-05-27,English,2,3,7
14,2023-02-02 14:16:47.002928+00,Mission: Impossible III,"Retired from active duty to train new IMF agents, Ethan Hunt is called back into action to confront sadistic arms dealer, Owen Davian. Hunt must try to protect his girlfriend while working with his new team to complete the mission.",https://www.themoviedb.org/t/p/w300_and_h450_bestv2/5l0hS4A119jCA1A02XsFZHq1uRD.jpg,https://youtu.be/ssWbGKTgXFc,2006-05-05,English,2,12,1
15,2023-02-02 14:20:51.693255+00,Mission: Impossible - Ghost Protocol,"Ethan Hunt and his team are racing against time to track down a dangerous terrorist named Hendricks, who has gained access to Russian nuclear launch codes and is planning a strike on the United States. An attempt to stop him ends in an explosion causing severe destruction to the Kremlin and the IMF to be implicated in the bombing, forcing the President to disavow them. No longer being aided by the government, Ethan and his team chase Hendricks around the globe, although they might still be too late to stop a disaster.",https://www.themoviedb.org/t/p/w300_and_h450_bestv2/4RYFIwAhR4YHz8JjhvHpq07DSmv.jpg,https://youtu.be/G6Hr7wFRmqc,2011-12-16,English,2,13,1
24,2023-02-03 09:14:02.944705+00,Batman v Superman: Dawn of Justice,"Fearing the actions of a god-like Super Hero left unchecked, Gotham City’s own formidable, forceful vigilante takes on Metropolis’s most revered, modern-day savior, while the world wrestles with what sort of hero it really needs. And with Batman and Superman at war with one another, a new threat quickly arises, putting mankind in greater danger than it’s ever known before.",https://www.themoviedb.org/t/p/w300_and_h450_bestv2/5UsK3grJvtQrtzEgqNlDljJW96w.jpg,https://youtu.be/IwfUnkBfdZ4,2016-03-25,English,2,14,7
16,2023-02-02 14:25:52.752879+00,Mission: Impossible - Rogue Nation,"Ethan and team take on their most impossible mission yet—eradicating 'The Syndicate', an International and highly-skilled rogue organisation committed to destroying the IMF.",https://www.themoviedb.org/t/p/w300_and_h450_bestv2/mXwC63mlpijqllhoeGnKBGgPtBa.jpg,https://youtu.be/gOW_azQbOjw,2015-08-05,English,2,2,1
18,2023-02-02 14:35:39.836928+00,Mission: Impossible - Dead Reckoning Part One,The seventh installment of the Mission: Impossible franchise.,https://www.themoviedb.org/t/p/w300_and_h450_bestv2/j1qieED1o3ZUNJ0332UKYhvlV65.jpg,https://youtu.be/2m1drlOZSDw,2023-07-14,English,1,2,1
19,2023-02-02 14:37:17.886538+00,Mission: Impossible - Dead Reckoning Part Two,The eighth instalment of the Mission: Impossible franchise.,https://www.themoviedb.org/t/p/w300_and_h450_bestv2/l2fgb4JU0uLpWTaMFrxPqfQ94Kr.jpg,,2024-06-28,English,1,2,1
21,2023-02-03 09:08:07.404941+00,Zack Snyder's Justice League,"Determined to ensure Superman's ultimate sacrifice was not in vain, Bruce Wayne aligns forces with Diana Prince with plans to recruit a team of metahumans to protect the world from an approaching threat of catastrophic proportions.",https://www.themoviedb.org/t/p/w300_and_h450_bestv2/tnAuB8q5vv7Ax9UAEje5Xi4BXik.jpg,https://youtu.be/O4Dvxu6C3mI,2021-03-18,English,2,14,10
23,2023-02-03 09:12:02.946997+00,Justice League,"Fuelled by his restored faith in humanity and inspired by Superman's selfless act, Bruce Wayne and Diana Prince assemble a team of metahumans consisting of Barry Allen, Arthur Curry and Victor Stone to face the catastrophic threat of Steppenwolf and the Parademons who are on the hunt for three Mother Boxes on Earth.",https://www.themoviedb.org/t/p/w300_and_h450_bestv2/eifGNCSDuxJeS1loAXil5bIGgvC.jpg,https://youtu.be/gglkYMGRYlE,2017-11-17,English,2,14,7
26,2023-02-03 09:26:49.575532+00,Iron Man,"After being held captive in an Afghan cave, billionaire engineer Tony Stark creates a unique weaponized suit of armor to fight evil.",https://www.themoviedb.org/t/p/w300_and_h450_bestv2/78lPtwv72eTNqFW9COBYI0dWDJa.jpg,https://youtu.be/ofkcLgzNZGM,2008-04-30,English,2,16,9
29,2023-02-03 09:38:23.312569+00,The Avengers,"When an unexpected enemy emerges and threatens global safety and security, Nick Fury, director of the international peacekeeping agency known as S.H.I.E.L.D., finds himself in need of a team to pull the world back from the brink of disaster. Spanning the globe, a daring recruitment effort begins!",https://www.themoviedb.org/t/p/w300_and_h450_bestv2/tYqp6vEOo8YlVWrYQvt9nyOhsA2.jpg,https://youtu.be/eOrNdBpGMv8,2012-05-04,English,2,18,9
32,2023-02-03 09:51:26.872667+00,Avengers: Endgame,"After the devastating events of Avengers: Infinity War, the universe is in ruins due to the efforts of the Mad Titan, Thanos. With the help of remaining allies, the Avengers must assemble once more in order to undo Thanos' actions and restore order to the universe once and for all, no matter what consequences may be in store.",https://www.themoviedb.org/t/p/w300_and_h450_bestv2/or06FN3Dka5tukK1e9sl16pB3iy.jpg,https://youtu.be/hA6hldpSTF8,2019-04-24,English,2,19,9
17,2023-02-02 14:29:31.64327+00,Mission: Impossible - Fallout,"When an IMF mission ends badly, the world is faced with dire consequences. As Ethan Hunt takes it upon himself to fulfill his original briefing, the CIA begin to question his loyalty and his motives. The IMF team find themselves in a race against time, hunted by assassins while trying to prevent a global catastrophe.",https://www.themoviedb.org/t/p/w300_and_h450_bestv2/AkJQpZp9WoNdj7pLYSj1L0RcMMN.jpg,https://youtu.be/wb49-oV0F78,2018-03-31,English,2,2,1
33,2023-02-03 11:54:15.602739+00,Captain America: The First Avenger,"During World War II, Steve Rogers is a sickly man from Brooklyn who's transformed into super-soldier Captain America to aid in the war effort. Rogers must stop the Red Skull – Adolf Hitler's ruthless head of weaponry, and the leader of an organization that intends to use a mysterious device of untold powers for world domination.",https://www.themoviedb.org/t/p/w300_and_h450_bestv2/vSNxAJTlD0r02V9sPYpOjqDZXUK.jpg,https://youtu.be/jX-dpQAginE,2011-07-22,English,2,20,9
7,2023-02-02 13:54:17.906387+00,Knight and Day,"A fugitive couple goes on a glamorous and sometimes deadly adventure where nothing and no one – even themselves – are what they seem. Amid shifting alliances and unexpected betrayals, they race across the globe, with their survival ultimately hinging on the battle of truth vs. trust.",https://www.themoviedb.org/t/p/w300_and_h450_bestv2/a7JmOBMNj5erYTgt4u1mQgvHItu.jpg,https://youtu.be/JGPl86DBNNs,2010-06-23,English,2,6,13
22,2023-02-03 09:10:33.459881+00,The Man from U.N.C.L.E.,"At the height of the Cold War, a mysterious criminal organization plans to use nuclear weapons and technology to upset the fragile balance of power between the United States and Soviet Union. CIA agent Napoleon Solo and KGB agent Illya Kuryakin are forced to put aside their hostilities and work together to stop the evildoers in their tracks. The duo's only lead is the daughter of a missing German scientist, whom they must find soon to prevent a global catastrophe.",https://www.themoviedb.org/t/p/w300_and_h450_bestv2/zkacOORjKJxRswDurffyvkMwriS.jpg,https://youtu.be/4K4Iv_N9Nno,2015-08-26,English,2,15,7
25,2023-02-03 09:15:25.768238+00,Man of Steel,"A young boy learns that he has extraordinary powers and is not of this earth. As a young man, he journeys to discover where he came from and what he was sent here to do. But the hero in him must emerge if he is to save the world from annihilation and become the symbol of hope for all mankind.",https://www.themoviedb.org/t/p/w300_and_h450_bestv2/j3BrQDIKThJU46vVNMCFUGZIEyW.jpg,https://youtu.be/-cYR5MFb8Rc,2013-06-14,English,2,14,7
28,2023-02-03 09:34:11.318539+00,Iron Man 3,"When Tony Stark's world is torn apart by a formidable terrorist called the Mandarin, he starts an odyssey of rebuilding and retribution.",https://www.themoviedb.org/t/p/w300_and_h450_bestv2/qhPtAc1TKbMPqNvcdXSOn9Bn7hZ.jpg,https://youtu.be/f_h95mEd4TI,2013-04-18,English,2,17,9
30,2023-02-03 09:40:40.408518+00,Avengers: Age of Ultron,"When Tony Stark tries to jumpstart a dormant peacekeeping program, things go awry and Earth’s Mightiest Heroes are put to the ultimate test as the fate of the planet hangs in the balance. As the villainous Ultron emerges, it is up to The Avengers to stop him from enacting his terrible plans, and soon uneasy alliances and unexpected action pave the way for an epic and unique global adventure.",https://www.themoviedb.org/t/p/w300_and_h450_bestv2/4ssDuvEDkSArWEdyBl2X5EHvYKU.jpg,https://youtu.be/n312Tk09rxE,2015-05-01,English,2,18,9
27,2023-02-03 09:31:58.735546+00,Iron Man 2,"With the world now aware of his dual life as the armored superhero Iron Man, billionaire inventor Tony Stark faces pressure from the government, the press and the public to share his technology with the military. Unwilling to let go of his invention, Stark, with Pepper Potts and James 'Rhodey' Rhodes at his side, must forge new alliances – and confront powerful enemies.",https://www.themoviedb.org/t/p/w300_and_h450_bestv2/6WBeq4fCfn7AN0o21W9qNcRF2l9.jpg,https://youtu.be/BoohRoVA9WQ,2010-05-07,English,2,16,9
31,2023-02-03 09:45:54.369395+00,Avengers: Infinity War,"As the Avengers and their allies have continued to protect the world from threats too large for any one hero to handle, a new danger has emerged from the cosmic shadows: Thanos. A despot of intergalactic infamy, his goal is to collect all six Infinity Stones, artifacts of unimaginable power, and use them to inflict his twisted will on all of reality. Everything the Avengers have fought for has led up to this moment - the fate of Earth and existence itself has never been more uncertain.",https://www.themoviedb.org/t/p/w300_and_h450_bestv2/7WsyChQLEftFiDOVTGkv3hFpyyt.jpg,https://youtu.be/sAOzrChqmd0,2018-04-27,English,2,19,9
34,2023-02-03 11:56:09.894091+00,Captain America: The Winter Soldier,"After the cataclysmic events in New York with The Avengers, Steve Rogers, aka Captain America is living quietly in Washington, D.C. and trying to adjust to the modern world. But when a S.H.I.E.L.D. colleague comes under attack, Steve becomes embroiled in a web of intrigue that threatens to put the world at risk. Joining forces with the Black Widow, Captain America struggles to expose the ever-widening conspiracy while fighting off professional assassins sent to silence him at every turn. When the full scope of the villainous plot is revealed, Captain America and the Black Widow enlist the help of a new ally, the Falcon. However, they soon find themselves up against an unexpected and formidable enemy—the Winter Soldier.",https://www.themoviedb.org/t/p/w300_and_h450_bestv2/tVFRpFw3xTedgPGqxW0AOI8Qhh0.jpg,https://youtu.be/tbayiPxkUMM,2014-04-04,English,2,21,9
35,2023-02-03 11:58:48.907464+00,Captain America: Civil War,"Following the events of Age of Ultron, the collective governments of the world pass an act designed to regulate all superhuman activity. This polarizes opinion amongst the Avengers, causing two factions to side with Iron Man or Captain America, which causes an epic battle between former allies.",https://www.themoviedb.org/t/p/w300_and_h450_bestv2/rAGiXaUfPzY7CDEyNKUofk3Kw2e.jpg,https://youtu.be/43NWzay3W4s,2016-05-06,English,2,21,9
36,2023-02-03 12:02:44.703719+00,The Gray Man,"When a shadowy CIA agent uncovers damning agency secrets, he's hunted across the globe by a sociopathic rogue operative who's put a bounty on his head.",https://www.themoviedb.org/t/p/w300_and_h450_bestv2/5Eom3JsXgQlCj6QIsGCwXkX7wyH.jpg,https://youtu.be/BmllggGO4pM,2022-07-15,English,2,21,15
37,2023-02-03 12:09:17.013905+00,Thor,"Against his father Odin's will, The Mighty Thor - a powerful but arrogant warrior god - recklessly reignites an ancient war. Thor is cast down to Earth and forced to live among humans as punishment. Once here, Thor learns what it takes to be a true hero when the most dangerous villain of his world sends the darkest forces of Asgard to invade Earth.",https://www.themoviedb.org/t/p/w300_and_h450_bestv2/prSfAi1xGrhLQNxVSUFh61xQ4Qy.jpg,https://youtu.be/JOddp-nlNvQ,2011-10-03,English,2,22,9
38,2023-02-03 12:12:28.281248+00,Thor: Ragnarok,"Thor is imprisoned on the other side of the universe and finds himself in a race against time to get back to Asgard to stop Ragnarok, the destruction of his home-world and the end of Asgardian civilization, at the hands of a powerful new threat, the ruthless Hela.",https://www.themoviedb.org/t/p/w300_and_h450_bestv2/rzRwTcFvttcN1ZpX2xv4j3tSdJu.jpg,https://youtu.be/v7MGUNV8MxU,2017-11-03,English,2,23,9
39,2023-02-03 12:14:47.350777+00,Thor: The Dark World,"Thor fights to restore order across the cosmos… but an ancient race led by the vengeful Malekith returns to plunge the universe back into darkness. Faced with an enemy that even Odin and Asgard cannot withstand, Thor must embark on his most perilous and personal journey yet, one that will reunite him with Jane Foster and force him to sacrifice everything to save us all.",https://www.themoviedb.org/t/p/w300_and_h450_bestv2/wp6OxE4poJ4G7c0U2ZIXasTSMR7.jpg,https://youtu.be/7p7rocHEecE,2013-10-30,English,2,24,9
40,2023-02-03 12:16:54.1402+00,Extraction,"Tyler Rake, a fearless mercenary who offers his services on the black market, embarks on a dangerous mission when he is hired to rescue the kidnapped son of a Mumbai crime lord.",https://www.themoviedb.org/t/p/w300_and_h450_bestv2/nygOUcBKPHFTbxsYRFZVePqgPK6.jpg,https://youtu.be/L6P3nI6VnlY,2020-04-24,English,2,25,15
41,2023-02-03 12:20:36.164312+00,12 Strong,A team of special forces head into Afghanistan in the aftermath of the September 11th attacks in an attempt to dismantle the Taliban.,https://www.themoviedb.org/t/p/w300_and_h450_bestv2/j18021qCeRi3yUBtqd2UFj1c0RQ.jpg,https://youtu.be/-Denciie5oA,2018-01-19,English,2,26,16
42,2023-02-03 12:23:28.788753+00,Black Widow,"Natasha Romanoff, also known as Black Widow, confronts the darker parts of her ledger when a dangerous conspiracy with ties to her past arises. Pursued by a force that will stop at nothing to bring her down, Natasha must deal with her history as a spy and the broken relationships left in her wake long before she became an Avenger.",https://www.themoviedb.org/t/p/w300_and_h450_bestv2/kwB7d51AIcyzPOBOHLCEZJkmPhQ.jpg,https://youtu.be/RxAtuMu_ph4,2021-07-09,English,2,27,9
43,2023-02-03 12:26:14.62091+00,Arrival ,"Taking place after alien crafts land around the world, an expert linguist is recruited by the military to determine whether they come in peace or are a threat.",https://www.themoviedb.org/t/p/w300_and_h450_bestv2/x2FJsf1ElAgr63Y3PNPtJrcmpoe.jpg,https://youtu.be/gwqSi_ToNPs,2017-01-06,English,2,28,1
44,2023-02-03 12:29:01.942324+00,The Hurt Locker,"During the Iraq War, a Sergeant recently assigned to an army bomb squad is put at odds with his squad mates due to his maverick way of handling his work.",https://www.themoviedb.org/t/p/w300_and_h450_bestv2/m2duGsKjBOl3BB8uFOTnRUzdEhg.jpg,https://youtu.be/HIoctqfxNYY,2009-06-02,English,2,29,17
45,2023-02-03 12:34:36.493598+00,Wind River,An FBI agent teams with the town's veteran game tracker to investigate a murder that occurred on a Native American reservation.,https://www.themoviedb.org/t/p/w300_and_h450_bestv2/pySivdR845Hom4u4T2WNkJxe6Ad.jpg,https://youtu.be/CZgN0dpFoaE,2017-08-04,English,2,30,18
46,2023-02-03 12:37:03.104078+00,The Bourne Legacy,New CIA operative Aaron Cross experiences life-or-death stakes that have been triggered by the previous actions of Jason Bourne.,https://www.themoviedb.org/t/p/w300_and_h450_bestv2/1aExL5DTGHj25ZfIC3dDwS84RWi.jpg,https://youtu.be/JXM8Odxejco,2012-08-10,English,2,31,12
47,2023-02-03 12:39:12.144873+00,Ant-Man,"Armed with the astonishing ability to shrink in scale but increase in strength, master thief Scott Lang must embrace his inner-hero and help his mentor, Doctor Hank Pym, protect the secret behind his spectacular Ant-Man suit from a new generation of towering threats. Against seemingly insurmountable obstacles, Pym and Lang must plan and pull off a heist that will save the world.",https://www.themoviedb.org/t/p/w300_and_h450_bestv2/4Ky7xCXPMKXGopstPjwPRd4ZDrj.jpg,https://youtu.be/xInh3VhAWs8,2015-07-16,English,2,32,9
48,2023-02-03 12:40:33.074516+00,Ant-Man and the Wasp,"Just when his time under house arrest is about to end, Scott Lang once again puts his freedom at risk to help Hope van Dyne and Dr. Hank Pym dive into the quantum realm and try to accomplish, against time and any chance of success, a very dangerous rescue mission.",https://www.themoviedb.org/t/p/w300_and_h450_bestv2/cFQEO687n1K6umXbInzocxcnAQz.jpg,https://youtu.be/8_rTIAOohas,2018-07-06,English,2,32,9
53,2023-02-03 12:51:59.66045+00,Kong: Skull Island,"Explore the mysterious and dangerous home of the king of the apes as a team of explorers ventures deep inside the treacherous, primordial island.",https://www.themoviedb.org/t/p/w300_and_h450_bestv2/r2517Vz9EhDhj88qwbDVj8DCRZN.jpg,https://youtu.be/YK5hbs4LOI8,2017-03-10,English,2,37,7
54,2023-02-03 12:57:02.641564+00,Spider-Man: Homecoming,"Following the events of Captain America: Civil War, Peter Parker, with the help of his mentor Tony Stark, tries to balance his life as an ordinary high school student in Queens, New York City, with fighting crime as his superhero alter ego Spider-Man as a new threat, the Vulture, emerges.",https://www.themoviedb.org/t/p/w300_and_h450_bestv2/c24sv2weTHPsmDa7jEMN0m2P3RT.jpg,https://youtu.be/rk-dF1lIbIg,2015-07-05,English,2,38,8
57,2023-02-03 13:02:40.809263+00,Uncharted,"A young street-smart, Nathan Drake and his wisecracking partner Victor “Sully” Sullivan embark on a dangerous pursuit of “the greatest treasure never found” while also tracking clues that may lead to Nathan’s long-lost brother.",https://www.themoviedb.org/t/p/w300_and_h450_bestv2/rJHC1RUORuUhtfNb4Npclx0xnOf.jpg,https://youtu.be/eHp3MbsCbMg,2022-02-18,English,2,39,8
62,2023-02-04 02:56:17.130877+00,Jurassic World,"Twenty-two years after the events of Jurassic Park, Isla Nublar now features a fully functioning dinosaur theme park, Jurassic World, as originally envisioned by John Hammond.",https://www.themoviedb.org/t/p/w300_and_h450_bestv2/rhr4y79GpxQF9IsfJItRXVaoGs4.jpg,https://youtu.be/RFinNxS5KN4,2015-06-10,English,2,41,12
64,2023-02-04 03:03:05.149412+00,Passengers,"A spacecraft traveling to a distant colony planet and transporting thousands of people has a malfunction in its sleep chambers. As a result, two passengers are awakened 90 years early.",https://www.themoviedb.org/t/p/w300_and_h450_bestv2/jK9S6HANSf2no64v1x1HxfcpmcA.jpg,https://youtu.be/7BWWWQzTpNU,2016-12-23,English,2,43,8
65,2023-02-04 03:10:32.78937+00,The Hunger Games,"Every year in the ruins of what was once North America, the nation of Panem forces each of its twelve districts to send a teenage boy and girl to compete in the Hunger Games. Part twisted entertainment, part government intimidation tactic, the Hunger Games are a nationally televised event in which “Tributes” must fight with one another until one survivor remains. Pitted against highly-trained Tributes who have prepared for these Games their entire lives, Katniss is forced to rely upon her sharp instincts as well as the mentorship of drunken former victor Haymitch Abernathy. If she’s ever to return home to District 12, Katniss must make impossible choices in the arena that weigh survival against humanity and life against love. The world will be watching.",https://www.themoviedb.org/t/p/w300_and_h450_bestv2/mgZKtOvxtDX5HtUa5fAVQ5d1Afh.jpg,https://youtu.be/mfmrPu43DF8,2012-03-23,English,2,44,19
67,2023-02-04 03:14:07.073508+00,The Hunger Games: Mockingjay - Part 1,Katniss Everdeen reluctantly becomes the symbol of a mass rebellion against the autocratic Capitol.,https://www.themoviedb.org/t/p/w300_and_h450_bestv2/zxfeReZ7MnRLIRU5kBu9ZlHxnbA.jpg,https://youtu.be/JzcYyzCZdiM,2014-11-21,English,2,45,19
68,2023-02-04 03:15:11.770172+00,The Hunger Games: Mockingjay - Part 2,"With the nation of Panem in a full scale war, Katniss confronts President Snow in the final showdown. Teamed with a group of her closest friends – including Gale, Finnick, and Peeta – Katniss goes off on a mission with the unit from District 13 as they risk their lives to stage an assassination attempt on President Snow who has become increasingly obsessed with destroying her. The mortal traps, enemies, and moral choices that await Katniss will challenge her more than any arena she faced in The Hunger Games.",https://www.themoviedb.org/t/p/w300_and_h450_bestv2/lImKHDfExAulp16grYm8zD5eONE.jpg,https://youtu.be/-0wdVrC4OM4,2015-11-18,English,2,45,19
70,2023-02-04 03:20:05.701586+00,The Tomorrow War,"The world is stunned when a group of time travelers arrive from the year 2051 to deliver an urgent message: Thirty years in the future, mankind is losing a global war against a deadly alien species. The only hope for survival is for soldiers and civilians from the present to be transported to the future and join the fight. Among those recruited is high school teacher and family man Dan Forester. Determined to save the world for his young daughter, Dan teams up with a brilliant scientist and his estranged father in a desperate quest to rewrite the fate of the planet.",https://www.themoviedb.org/t/p/w300_and_h450_bestv2/34nDCQZwaEvsy4CFO5hkGRFDCVU.jpg,https://youtu.be/Ob4NC4D6zTU,2021-07-02,English,2,46,20
75,2023-02-04 03:34:34.835111+00,The Bourne Ultimatum,"Bourne is brought out of hiding once again by reporter Simon Ross who is trying to unveil Operation Blackbriar, an upgrade to Project Treadstone, in a series of newspaper columns. Information from the reporter stirs a new set of memories, and Bourne must finally uncover his dark past while dodging The Company's best efforts to eradicate him.",https://www.themoviedb.org/t/p/w300_and_h450_bestv2/xqf7mzA77LmMJByvwxRLNdw5pz4.jpg,https://youtu.be/ZT2ZxjUjSo0,2007-08-03,English,2,48,12
78,2023-02-04 08:33:12.667386+00,Mr. & Mrs. Smith,"After five (or six) years of vanilla-wedded bliss, ordinary suburbanites John and Jane Smith are stuck in a huge rut. Unbeknownst to each other, they are both coolly lethal, highly-paid assassins working for rival organisations. When they discover they're each other's next target, their secret lives collide in a spicy, explosive mix of wicked comedy, pent-up passion, nonstop action and high-tech weaponry.",https://www.themoviedb.org/t/p/w300_and_h450_bestv2/wzIO3ytxeSNt1wRpXLIdkNbGoDm.jpg,https://youtu.be/TWB_icm5M38,2005-06-09,English,2,3,2
82,2023-02-04 08:47:14.000765+00,Maleficent: Mistress of Evil,"Maleficent and her goddaughter Aurora begin to question the complex family ties that bind them as they are pulled in different directions by impending nuptials, unexpected allies, and dark new forces at play.",https://www.themoviedb.org/t/p/w300_and_h450_bestv2/vloNTScJ3w7jwNwtNGoG8DbTThv.jpg,https://youtu.be/5MwW1NAsnR8,2019-10-18,English,2,53,21
86,2023-02-04 09:05:13.945644+00,Transformers: Dark of the Moon,"The Autobots continue to work for NEST, now no longer in secret. But after discovering a strange artifact during a mission in Chernobyl, it becomes apparent to Optimus Prime that the United States government has been less than forthright with them.",https://www.themoviedb.org/t/p/w300_and_h450_bestv2/28YlCLrFhONteYSs9hKjD1Km0Cj.jpg,https://youtu.be/XeUtb5L9iNE,2011-06-28,English,2,55,1
49,2023-02-03 12:42:42.022663+00,Doctor Strange,"After his career is destroyed, a brilliant but arrogant surgeon gets a new lease on life when a sorcerer takes him under her wing and trains him to defend the world against evil.",https://www.themoviedb.org/t/p/w300_and_h450_bestv2/uGBVj3bEbCoZbDjjl9wTxcygko1.jpg,https://youtu.be/Lt-U_t2pUHI,2016-11-04,English,2,33,9
52,2023-02-03 12:49:39.304538+00,Captain Marvel,"The story follows Carol Danvers as she becomes one of the universe’s most powerful heroes when Earth is caught in the middle of a galactic war between two alien races. Set in the 1990s, Captain Marvel is an all-new adventure from a previously unseen period in the history of the Marvel Cinematic Universe.",https://www.themoviedb.org/t/p/w300_and_h450_bestv2/AtsgWhDnHTq68L0lLsUrCnM7TjG.jpg,https://youtu.be/Z1BCujX3pw8,2019-03-08,English,2,36,9
56,2023-02-03 13:00:16.488125+00,Spider-Man: Far from Home,"Peter Parker and his friends go on a summer trip to Europe. However, they will hardly be able to rest - Peter will have to agree to help Nick Fury uncover the mystery of creatures that cause natural disasters and destruction throughout the continent.",https://www.themoviedb.org/t/p/w300_and_h450_bestv2/4q2NNj4S5dG2RLF9CpXsej7yXl.jpg,https://youtu.be/DYYtuKyMtY8,2019-07-02,English,2,38,8
69,2023-02-04 03:16:44.901739+00,X-Men: Apocalypse,"After the re-emergence of the world's first mutant, world-destroyer Apocalypse, the X-Men must unite to defeat his extinction level plan.",https://www.themoviedb.org/t/p/w300_and_h450_bestv2/lRxsDK4exeEgKoXqI4zdr0Vl0yk.jpg,https://youtu.be/COvnHv42T-A,2016-05-27,English,2,7,13
71,2023-02-04 03:21:40.359195+00,Jurassic World Dominion,"Four years after the destruction of Isla Nublar, Biosyn operatives attempt to track down Maisie Lockwood, while Dr Ellie Sattler investigates a genetically engineered swarm of giant insects.",https://www.themoviedb.org/t/p/w300_and_h450_bestv2/kAVRgw7GgK1CfYEJq8ME6EvRIgU.jpg,https://youtu.be/DtQycgMD4HQ,2022-06-10,English,2,41,12
72,2023-02-04 03:25:29.060806+00,The Martian,"During a manned mission to Mars, Astronaut Mark Watney is presumed dead after a fierce storm and left behind by his crew. But Watney has survived and finds himself stranded and alone on the hostile planet. With only meager supplies, he must draw upon his ingenuity, wit and spirit to subsist and find a way to signal to Earth that he is alive.",https://www.themoviedb.org/t/p/w300_and_h450_bestv2/5BHuvQ6p9kfc091Z8RiFNhCwL4b.jpg,https://youtu.be/Ue4PCI0NamI,2015-09-30,English,2,47,13
76,2023-02-04 03:35:54.735753+00,Jason Bourne,The most dangerous former operative of the CIA is drawn out of hiding to uncover hidden truths about his past.,https://www.themoviedb.org/t/p/w300_and_h450_bestv2/xA7N41glw17MBQtcWSm2eBlBRuG.jpg,https://youtu.be/_gBnmKOixDM,2016-07-27,English,2,48,12
79,2023-02-04 08:38:32.748806+00,Ad Astra,"The near future, a time when both hope and hardships drive humanity to look to the stars and beyond. While a mysterious phenomenon menaces to destroy life on planet Earth, astronaut Roy McBride undertakes a mission across the immensity of space and its many perils to uncover the truth about a lost expedition that decades before boldly faced emptiness and silence in search of the unknown.",https://www.themoviedb.org/t/p/w300_and_h450_bestv2/xBHvZcjRiWyobQ9kxBhO6B2dtRI.jpg,https://youtu.be/P6AaSMfXHbA,2019-09-20,English,2,50,13
83,2023-02-04 08:49:17.215083+00,Salt,"As a CIA officer, Evelyn Salt swore an oath to duty, honor and country. Her loyalty will be tested when a defector accuses her of being a Russian spy. Salt goes on the run, using all her skills and years of experience as a covert operative to elude capture. Salt's efforts to prove her innocence only serve to cast doubt on her motives, as the hunt to uncover the truth behind her identity continues and the question remains: ""Who is Salt?""",https://www.themoviedb.org/t/p/w300_and_h450_bestv2/ppXyhOe8UCEOrBRSYqE3SkHwrcR.jpg,https://youtu.be/QZ40WlshNwU,2010-07-23,English,2,54,8
87,2023-02-04 09:06:33.968025+00,Transformers: Age of Extinction,"As humanity picks up the pieces, following the conclusion of ""Transformers: Dark of the Moon,"" Autobots and Decepticons have all but vanished from the face of the planet. However, a group of powerful, ingenious businessman and scientists attempt to learn from past Transformer incursions and push the boundaries of technology beyond what they can control - all while an ancient, powerful Transformer menace sets Earth in his cross-hairs.",https://www.themoviedb.org/t/p/w300_and_h450_bestv2/jyzrfx2WaeY60kYZpPYepSjGz4S.jpg,https://youtu.be/4F33PCUTWPk,2014-06-27,English,2,55,1
58,2023-02-03 13:04:53.848214+00,WandaVision,Wanda Maximoff and Vision—two super-powered beings living idealized suburban lives—begin to suspect that everything is not as it seems.,https://www.themoviedb.org/t/p/w300_and_h450_bestv2/frobUz2X5Pc8OiVZU8Oo5K3NKMM.jpg,https://youtu.be/62EB4JniuTc,2021-01-15,English,2,,9
50,2023-02-03 12:45:04.659695+00,Doctor Strange in the Multiverse of Madness,"Doctor Strange, with the help of mystical allies both old and new, traverses the mind-bending and dangerous alternate realities of the Multiverse to confront a mysterious new adversary.",https://www.themoviedb.org/t/p/w300_and_h450_bestv2/9Gtg2DzBhmYamXBS1hKAhiwbBKS.jpg,https://youtu.be/Rt_UqUm38BI,2022-05-06,English,2,34,9
51,2023-02-03 12:47:16.329062+00,Black Panther,"King T'Challa returns home to the reclusive, technologically advanced African nation of Wakanda to serve as his country's new leader. However, T'Challa soon finds that he is challenged for the throne by factions within his own country as well as without. Using powers reserved to Wakandan kings, T'Challa assumes the Black Panther mantle to join with ex-girlfriend Nakia, the queen-mother, his princess-kid sister, members of the Dora Milaje (the Wakandan 'special forces') and an American secret agent, to prevent Wakanda from being dragged into a world war.",https://www.themoviedb.org/t/p/w300_and_h450_bestv2/uxzzxijgPIY7slzFvMotPv8wjKA.jpg,https://youtu.be/dxWvtMOGAhw,2018-02-16,English,2,35,9
55,2023-02-03 12:58:30.392446+00,Spider-Man: No Way Home,"Peter Parker is unmasked and no longer able to separate his normal life from the high-stakes of being a super-hero. When he asks for help from Doctor Strange the stakes become even more dangerous, forcing him to discover what it truly means to be Spider-Man.",https://www.themoviedb.org/t/p/w300_and_h450_bestv2/uJYYizSuA9Y3DCs0qS4qWvHfZg4.jpg,https://youtu.be/iqyPvdsOWKk,2022-08-31,English,2,38,8
60,2023-02-04 02:51:07.613598+00,Guardians of the Galaxy,"Light years from Earth, 26 years after being abducted, Peter Quill finds himself the prime target of a manhunt after discovering an orb wanted by Ronan the Accuser.",https://www.themoviedb.org/t/p/w300_and_h450_bestv2/r7vmZjiyZw9rpJMQJdXpjgiCOk9.jpg,https://youtu.be/b7yOuhI1dzU,2014-08-01,English,2,40,9
63,2023-02-04 02:58:58.866794+00,Jurassic World: Fallen Kingdom,"When the island's dormant volcano begins roaring to life, Owen and Claire mount a campaign to rescue the remaining dinosaurs from this extinction-level event.",https://www.themoviedb.org/t/p/w300_and_h450_bestv2/hQQdOosCm3nc5CO5CmdLtaGJGmq.jpg,https://youtu.be/266EI7hdjFs,2018-06-22,English,2,42,12
66,2023-02-04 03:12:26.206389+00,The Hunger Games: Catching Fire,"Katniss Everdeen has returned home safe after winning the 74th Annual Hunger Games along with fellow tribute Peeta Mellark. Winning means that they must turn around and leave their family and close friends, embarking on a ""Victor's Tour"" of the districts. Along the way Katniss senses that a rebellion is simmering, but the Capitol is still very much in control as President Snow prepares the 75th Annual Hunger Games (The Quarter Quell) - a competition that could change Panem forever.",https://www.themoviedb.org/t/p/w300_and_h450_bestv2/6Szz3g7ngNsYU2oPqsZwMzqUnLC.jpg,https://youtu.be/jyPnQw_Lqds,2013-11-22,English,2,45,19
81,2023-02-04 08:45:09.53148+00,Maleficent,"A beautiful, pure-hearted young woman, Maleficent has an idyllic life growing up in a peaceable forest kingdom, until one day when an invading army threatens the harmony of the land. Maleficent rises to be the land's fiercest protector, but she ultimately suffers a ruthless betrayal – an act that begins to turn her heart into stone. Bent on revenge, Maleficent faces an epic battle with the invading King's successor and, as a result, places a curse upon his newborn infant Aurora. As the child grows, Maleficent realizes that Aurora holds the key to peace in the kingdom – and to Maleficent's true happiness as well.",https://www.themoviedb.org/t/p/w300_and_h450_bestv2/ik8PugpL41s137RAWEGTAWu0dPo.jpg,https://youtu.be/704EXbJ-b5k,2014-05-30,English,2,52,21
84,2023-02-04 09:02:22.033096+00,Transformers,Young teenager Sam Witwicky becomes involved in the ancient struggle between two extraterrestrial factions of transforming robots – the heroic Autobots and the evil Decepticons. Sam holds the clue to unimaginable power and the Decepticons will stop at nothing to retrieve it.,https://www.themoviedb.org/t/p/w300_and_h450_bestv2/sR2xIEBQUoIVPGZOOfnMrpRcUCV.jpg,https://youtu.be/CbX_SIz_9fk,2007-07-02,English,2,55,1
59,2023-02-03 13:09:09.280554+00,The Falcon and the Winter Soldier,"Following the events of “Avengers: Endgame”, the Falcon, Sam Wilson and the Winter Soldier, Bucky Barnes team up in a global adventure that tests their abilities, and their patience.",https://www.themoviedb.org/t/p/w300_and_h450_bestv2/6kbAMLteGO8yyewYau6bJ683sw7.jpg,https://youtu.be/62EB4JniuTc,2021-03-19,English,2,,9
61,2023-02-04 02:52:19.715658+00,Guardians of the Galaxy Vol. 2,The Guardians must fight to keep their newfound family together as they unravel the mysteries of Peter Quill's true parentage.,https://www.themoviedb.org/t/p/w300_and_h450_bestv2/y4MBh0EjBlMuOzv9axM4qJlmhzz.jpg,https://youtu.be/2WhQcK-Zaok,2017-05-05,English,2,40,9
73,2023-02-04 03:29:34.101655+00,The Bourne Identity,"Wounded to the brink of death and suffering from amnesia, Jason Bourne is rescued at sea by a fisherman. With nothing to go on but a Swiss bank account number, he starts to reconstruct his life, but finds that many people he encounters want him dead. However, Bourne realizes that he has the combat and mental skills of a world-class spy—but who does he work for?",https://www.themoviedb.org/t/p/w300_and_h450_bestv2/aP8swke3gmowbkfZ6lmNidu0y9p.jpg,https://youtu.be/PGKK5wACwrU,2002-09-25,English,2,3,12
74,2023-02-04 03:33:29.456738+00,The Bourne Supremacy,"When a CIA operation to purchase classified Russian documents is blown by a rival agent, who then shows up in the sleepy seaside village where Bourne and Marie have been living. The pair run for their lives and Bourne, who promised retaliation should anyone from his former life attempt contact, is forced to once again take up his life as a trained assassin to survive.",https://www.themoviedb.org/t/p/w300_and_h450_bestv2/g09UIYfShY8uWGMGP3HkvWp8L8n.jpg,https://youtu.be/zsrdBGr8NIk,2004-08-19,English,2,48,12
77,2023-02-04 03:37:56.436281+00,Elysium,"In the year 2159, two classes of people exist: the very wealthy who live on a pristine man-made space station called Elysium, and the rest, who live on an overpopulated, ruined Earth. Secretary Rhodes, a hard line government ofﬁcial, will stop at nothing to enforce anti-immigration laws and preserve the luxurious lifestyle of the citizens of Elysium. That doesn’t stop the people of Earth from trying to get in, by any means they can. When unlucky Max is backed into a corner, he agrees to take on a daunting mission that, if successful, will not only save his life, but could bring equality to these polarized worlds.",https://www.themoviedb.org/t/p/w300_and_h450_bestv2/aRjuJuPXHtVs6YegfeeQWXGRs1E.jpg,https://youtu.be/oIBtePb-dGY,2013-08-09,English,2,49,8
80,2023-02-04 08:40:37.948223+00,Fury,"In the last months of World War II, as the Allies make their final push in the European theatre, a battle-hardened U.S. Army sergeant named 'Wardaddy' commands a Sherman tank called 'Fury' and its five-man crew on a deadly mission behind enemy lines. Outnumbered and outgunned, Wardaddy and his men face overwhelming odds in their heroic attempts to strike at the heart of Nazi Germany.",https://www.themoviedb.org/t/p/w300_and_h450_bestv2/pfte7wdMobMF4CVHuOxyu6oqeeA.jpg,https://youtu.be/DDLKxvadWc4,2014-11-11,English,2,51,8
85,2023-02-04 09:03:34.316855+00,Transformers: Revenge of the Fallen,"Sam Witwicky leaves the Autobots behind for a normal life. But when his mind is filled with cryptic symbols, the Decepticons target him and he is dragged back into the Transformers' war.",https://www.themoviedb.org/t/p/w300_and_h450_bestv2/pLBb0whOzVDtJvyD4DPeQyQNOqp.jpg,https://youtu.be/fnXzKwUgDhg,2009-06-23,English,2,55,1
88,2023-02-04 09:07:40.240206+00,Transformers: The Last Knight,"Autobots and Decepticons are at war, with humans on the sidelines. Optimus Prime is gone. The key to saving our future lies buried in the secrets of the past, in the hidden history of Transformers on Earth.",https://www.themoviedb.org/t/p/w300_and_h450_bestv2/s5HQf2Gb3lIO2cRcFwNL9sn1o1o.jpg,https://youtu.be/sKyLJI91EM0,2017-06-21,English,2,55,1
89,2023-02-04 09:09:29.948713+00,Transformers: Rise of the Beasts,"A ‘90s globetrotting adventure that introduces the Maximals, Predacons, and Terrorcons to the existing battle on earth between Autobots and Decepticons.",https://www.themoviedb.org/t/p/w300_and_h450_bestv2/qBcIUgJmDGrcAKbhRwCd6AmO0ZW.jpg,https://youtu.be/WWWDskI46Js,2023-06-09,English,1,56,1
90,2023-02-06 02:41:24.197602+00,The Transporter,"Former Special Forces officer, Frank Martin will deliver anything to anyone for the right price, and his no-questions-asked policy puts him in high demand. But when he realizes his latest cargo is alive, it sets in motion a dangerous chain of events. The bound and gagged Lai is being smuggled to France by a shady American businessman, and Frank works to save her as his own illegal activities are uncovered by a French detective.",https://www.themoviedb.org/t/p/w300_and_h450_bestv2/v3QIFUWgtVN4wejVuDZowuyJ20W.jpg,https://youtu.be/0poXFSvX0_4,2002-10-02,English,2,57,22
91,2023-02-06 02:42:50.107789+00,Transporter 2,"Professional driver Frank Martin is living in Miami, where he is temporarily filling in for a friend as the chauffeur for a government narcotics control policymaker and his family. The young boy in the family is targeted for kidnapping, and Frank immediately becomes involved in protecting the child and exposing the kidnappers.",https://www.themoviedb.org/t/p/w300_and_h450_bestv2/cdm17vK8PxHfTi7ayZf6WKbOgUO.jpg,https://youtu.be/sYJ5LDoWRT4,2005-09-02,English,2,57,22
92,2023-02-06 02:44:46.331909+00,Transporter 3,"Frank Martin puts the driving gloves on to deliver Valentina, the kidnapped daughter of a Ukranian government official, from Marseilles to Odessa on the Black Sea. En route, he has to contend with thugs who want to intercept Valentina's safe delivery and not let his personal feelings get in the way of his dangerous objective.",https://www.themoviedb.org/t/p/w300_and_h450_bestv2/ngpLhUccj6mlvAVpiIa7jUcFxhT.jpg,https://youtu.be/aNO-fmVu4RI,2008-12-05,English,2,58,22
93,2023-02-06 02:50:13.512324+00,The Mechanic,"Arthur Bishop is a 'mechanic' - an elite assassin with a strict code and unique talent for cleanly eliminating targets. It's a job that requires professional perfection and total detachment, and Bishop is the best in the business. But when he is ordered to take out his mentor and close friend Harry, Bishop is anything but detached.",https://www.themoviedb.org/t/p/w300_and_h450_bestv2/fDAEJr4WLZLJQmckA2JZNICt0u3.jpg,https://youtu.be/CMklQNn0OH0,2011-01-28,English,2,59,23
94,2023-02-06 02:52:18.534366+00,Safe,"After a former elite agent rescues a 12-year-old Chinese girl who's been abducted, they find themselves in the middle of a standoff between Triads, the Russian Mafia and high-level corrupt New York City politicians and police.",https://www.themoviedb.org/t/p/w300_and_h450_bestv2/kOCpkoMUVae9UIf85gO71SyjLbW.jpg,https://youtu.be/gU-wjVD_58c,2012-04-16,English,2,60,19
95,2023-02-06 02:55:50.521295+00,The Expendables,"Barney Ross leads a band of highly skilled mercenaries including knife enthusiast Lee Christmas, a martial arts expert Yin Yang, heavy weapons specialist Hale Caesar, demolitionist Toll Road, and a loose-cannon sniper Gunner Jensen. When the group is commissioned by the mysterious Mr. Church to assassinate the dictator of a small South American island, Barney and Lee visit the remote locale to scout out their opposition and discover the true nature of the conflict engulfing the city.",https://www.themoviedb.org/t/p/w300_and_h450_bestv2/tDynwDj3pvexrEQ8wb0uy8EdcGQ.jpg,https://youtu.be/8KtYRALe-xo,2010-08-13,English,2,61,19
96,2023-02-06 03:03:05.091995+00,The Expendables 2,"Mr. Church reunites the Expendables for what should be an easy paycheck, but when one of their men is murdered on the job, their quest for revenge puts them deep in enemy territory and up against an unexpected threat.",https://www.themoviedb.org/t/p/w300_and_h450_bestv2/7TZvBW1JiemnjD0XUj3kFh06lWO.jpg,https://youtu.be/ip_CYHdyUBs,2012-08-08,English,2,59,19
97,2023-02-06 03:05:02.459315+00,The Expendables 3,"Barney, Christmas and the rest of the team comes face-to-face with Conrad Stonebanks, who years ago co-founded The Expendables with Barney. Stonebanks subsequently became a ruthless arms trader and someone who Barney was forced to kill… or so he thought. Stonebanks, who eluded death once before, now is making it his mission to end The Expendables -- but Barney has other plans. Barney decides that he has to fight old blood with new blood, and brings in a new era of Expendables team members, recruiting individuals who are younger, faster and more tech-savvy. The latest mission becomes a clash of classic old-school style versus high-tech expertise in the Expendables’ most personal battle yet.",https://www.themoviedb.org/t/p/w300_and_h450_bestv2/d63qz4XeNtbpDC5c70AlSUIbnTQ.jpg,https://youtu.be/JMaMGWWiYSg,2014-08-15,English,2,62,19
98,2023-02-06 03:33:21.827367+00,The Fast and the Furious,"Dominic Toretto is a Los Angeles street racer suspected of masterminding a series of big-rig hijackings. When undercover cop Brian O'Conner infiltrates Toretto's iconoclastic crew, he falls for Toretto's sister and must choose a side: the gang or the LAPD.",https://www.themoviedb.org/t/p/w300_and_h450_bestv2/lgCEntS9mHagxdL5hb3qaV49YTd.jpg,https://youtu.be/ZsJz2TJAPjw,2001-06-22,English,2,63,12
100,2023-02-06 03:41:43.86181+00,The Fast and the Furious: Tokyo Drift,"In order to avoid a jail sentence, Sean Boswell heads to Tokyo to live with his military father. In a low-rent section of the city, Shaun gets caught up in the underground world of drift racing",https://www.themoviedb.org/t/p/w300_and_h450_bestv2/cm2ffqb3XovzA5ZSzyN3jnn8qv0.jpg,https://youtu.be/p8HQ2JLlc4E,2006-06-03,English,2,65,12
104,2023-02-06 03:55:43.600501+00,Furious 7,Deckard Shaw seeks revenge against Dominic Toretto and his family for his comatose brother.,https://www.themoviedb.org/t/p/w300_and_h450_bestv2/wurKlC3VKUgcfsn0K51MJYEleS2.jpg,https://youtu.be/Skpu5HaVkOc,2015-04-03,English,2,66,12
113,2023-02-06 07:08:07.165082+00,Rampage,"Primatologist Davis Okoye shares an unshakable bond with George, the extraordinarily intelligent, silverback gorilla who has been in his care since birth. But a rogue genetic experiment gone awry mutates this gentle ape into a raging creature of enormous size. To make matters worse, it’s soon discovered there are other similarly altered animals. As these newly created alpha predators tear across North America, destroying everything in their path, Okoye teams with a discredited genetic engineer to secure an antidote, fighting his way through an ever-changing battlefield, not only to halt a global catastrophe but to save the fearsome creature that was once his friend.",https://www.themoviedb.org/t/p/w300_and_h450_bestv2/MGADip4thVSErP34FAAfzFBTZ5.jpg,https://youtu.be/coOKvrsmQiI,2018-04-13,English,2,69,7
114,2023-02-06 07:10:00.842421+00,G.I. Joe: Retaliation,"Framed for crimes against the country, the G.I. Joe team is terminated by Presidential order. This forces the G.I. Joes into not only fighting their mortal enemy Cobra; they are forced to contend with threats from within the government that jeopardize their very existence.",https://www.themoviedb.org/t/p/w300_and_h450_bestv2/3rWIZMzTKcCtV0eHJ70Z4Ru659f.jpg,https://youtu.be/2vAo4rJPqQ4,2013-03-29,English,2,71,1
118,2023-02-06 07:26:02.022107+00,Central Intelligence,"After he reunites with an old pal through Facebook, a mild-mannered accountant is lured into the world of international espionage.",https://www.themoviedb.org/t/p/w300_and_h450_bestv2/7Ou0TRJLi72AwLEUlo7Kym4XuNB.jpg,https://youtu.be/QrgXU1zHfFI,2016-06-17,English,2,73,7
121,2023-02-06 07:31:00.731043+00,Deadpool 2,Wisecracking mercenary Deadpool battles the evil and powerful Cable and other bad guys to save a boy's life.,https://www.themoviedb.org/t/p/w300_and_h450_bestv2/to0spRl1CMDvyUbOnbb4fTk3VAd.jpg,https://youtu.be/Z5ezsReZcxU,2018-05-10,English,2,74,13
124,2023-02-06 07:35:12.460128+00,The Adam Project,"After accidentally crash-landing in 2022, time-traveling fighter pilot Adam Reed teams up with his 12-year-old self on a mission to save the future.",https://www.themoviedb.org/t/p/w300_and_h450_bestv2/wFjboE0aFZNbVOF05fzrka9Fqyx.jpg,https://youtu.be/X9ebeNKkc08,2022-03-11,English,2,76,15
125,2023-02-06 07:36:49.582277+00,Wonder Woman,An Amazon princess comes to the world of Man in the grips of the First World War to confront the forces of evil and bring an end to human conflict.,https://www.themoviedb.org/t/p/w300_and_h450_bestv2/imekS7f1OuHyUP2LAiTEM0zBzUz.jpg,https://youtu.be/5lGoQhFb4NM,2017-05-31,English,2,77,7
138,2023-02-06 08:21:41.034707+00,Filosofi Kopi 2: Ben & Jody,"After starting their traveling coffee business, friends Ben and Jody reopen their shop in Jakarta, where new opportunities and challenges begin to brew.",https://www.themoviedb.org/t/p/w300_and_h450_bestv2/3JCXWQdgepkKxK86drRh8tpViL2.jpg,https://youtu.be/4b56apex1AA,2017-07-13,Indonesia,2,80,25
99,2023-02-06 03:36:39.486171+00,2 Fast 2 Furious,"It's a major double-cross when former police officer Brian O'Conner teams up with his ex-con buddy Roman Pearce to transport a shipment of ""dirty"" money for shady Miami-based import-export dealer Carter Verone. But the guys are actually working with undercover agent Monica Fuentes to bring Verone down.",https://www.themoviedb.org/t/p/w300_and_h450_bestv2/6nDZExrDKIXvSAghsFKVFRVJuSf.jpg,https://youtu.be/sWofeRh_53g,2003-06-05,English,2,64,12
102,2023-02-06 03:47:03.796186+00,Fast Five,"Former cop Brian O'Conner partners with ex-con Dom Toretto on the opposite side of the law. Since Brian and Mia Toretto broke Dom out of custody, they've blown across many borders to elude authorities. Now backed into a corner in Rio de Janeiro, they must pull one last job in order to gain their freedom.",https://www.themoviedb.org/t/p/w300_and_h450_bestv2/gEfQjjQwY7fh5bI4GlG0RrBu7Pz.jpg,https://youtu.be/uSDNZeRX_1Y,2011-04-28,English,2,65,12
107,2023-02-06 04:05:14.719944+00,Fast X,The tenth installment in the Fast Saga.,https://www.themoviedb.org/t/p/w300_and_h450_bestv2/rHfkMVq4BF5AQlqIqwR1XjcWvDl.jpg,https://youtu.be/ne5E7hOQqn0,2023-05-19,English,1,65,12
108,2023-02-06 06:57:10.670582+00,Jumanji: Welcome to the Jungle,"Four teenagers in detention discover an old video game console with a game they’ve never heard of. When they decide to play, they are immediately sucked into the jungle world of Jumanji in the bodies of their avatars. They’ll have to complete the adventure of their lives filled with fun, thrills and danger or be stuck in the game forever!",https://www.themoviedb.org/t/p/w300_and_h450_bestv2/pSgXKPU5h6U89ipF7HBYajvYt7j.jpg,https://youtu.be/2QKg5SZ_35I,2017-12-20,English,2,68,8
109,2023-02-06 06:58:36.250246+00,Jumanji: The Next Level,"As the gang return to Jumanji to rescue one of their own, they discover that nothing is as they expect. The players will have to brave parts unknown and unexplored in order to escape the world’s most dangerous game.",https://www.themoviedb.org/t/p/w300_and_h450_bestv2/jyw8VKYEiM1UDzPB7NsisUgBeJ8.jpg,https://youtu.be/rBxcF-r9Ibs,2019-12-13,English,2,68,8
110,2023-02-06 07:01:42.631497+00,San Andreas,"In the aftermath of a massive earthquake in California, a rescue-chopper pilot makes a dangerous journey across the state in order to rescue his estranged daughter.",https://www.themoviedb.org/t/p/w300_and_h450_bestv2/2Gfjn962aaFSD6eST6QU3oLDZTo.jpg,https://youtu.be/Bz9e0PGSDeU,2015-05-28,English,2,69,7
123,2023-02-06 07:33:39.347067+00,6 Underground,"After faking his death, a tech billionaire recruits a team of international operatives for a bold and bloody mission to take down a brutal dictator.",https://www.themoviedb.org/t/p/w300_and_h450_bestv2/lnWkyG3LLgbbrIEeyl5mK5VRFe4.jpg,https://youtu.be/YLE85olJjp8,2019-12-13,English,2,55,15
6,2023-02-02 13:49:02.534296+00,Jack Reacher,"When a gunman takes five lives with six shots, all evidence points to the suspect in custody. On interrogation, the suspect offers up a single note: ""Get Jack Reacher!"" So begins an extraordinary chase for the truth, pitting Jack Reacher against an unexpected enemy, with a skill for violence and a secret to keep.",https://www.themoviedb.org/t/p/w300_and_h450_bestv2/uQBbjrLVsUibWxNDGA4Czzo8lwz.jpg,https://youtu.be/o54dMG8TTFs,2012-12-28,English,2,2,1
130,2023-02-06 07:51:44.901087+00,John Wick,Ex-hitman John Wick comes out of retirement to track down the gangsters that took everything from him.,https://www.themoviedb.org/t/p/w300_and_h450_bestv2/fZPSd91yGE9fCcCe6OoQr6E3Bev.jpg,https://youtu.be/2AUmvWm5ZDQ,2014-10-24,English,2,1,19
137,2023-02-06 08:18:30.194057+00,Filosofi Kopi,The level-headed owner of a struggling coffee shop finds his future at risk when his partner -- a talented but cocky barista -- makes a major bet.,https://www.themoviedb.org/t/p/w300_and_h450_bestv2/u9GVOc3hDwNGEoLdSdxqdLTGS9A.jpg,https://youtu.be/SIWtKj9j3sw,2015-04-08,Indonesia,2,80,25
140,2023-02-06 08:24:17.378057+00,Headshot,"A young man washes ashore, his memory gone - but his past comes back to haunt him after he is nursed back to health and his killing ability is needed when he takes on a powerful drug lord.",https://www.themoviedb.org/t/p/w300_and_h450_bestv2/dpdmO3PNKwCOzf68y8J4Gu19i3r.jpg,https://youtu.be/uDQFd1iQyjw,2016-12-08,Indonesia,2,,
101,2023-02-06 03:44:22.942087+00,Fast & Furious,"When a crime brings them back to L.A., fugitive ex-con Dom Toretto reignites his feud with agent Brian O'Conner. But as they are forced to confront a shared enemy, Dom and Brian must give in to an uncertain new trust if they hope to outmaneuver him. And the two men will find the best way to get revenge: push the limits of what's possible behind the wheel.",https://www.themoviedb.org/t/p/w300_and_h450_bestv2/AmY8rE2HzWzZs5S81CygXXYDjki.jpg,https://youtu.be/7GNg6rAg4hg,2009-04-03,English,2,65,12
106,2023-02-06 04:02:25.907524+00,F9: The Fast Saga,Dominic Toretto and his crew battle the most skilled assassin and high-performance driver they've ever encountered: his forsaken brother.,https://www.themoviedb.org/t/p/w300_and_h450_bestv2/bOFaAXmWWXC3Rbv4u4uM9ZSzRXP.jpg,https://youtu.be/aSiDu3Ywi8E,2021-06-11,English,2,65,12
111,2023-02-06 07:03:08.645238+00,Journey 2: The Mysterious Island,"Sean Anderson partners with his mom's boyfriend on a mission to find his grandfather, who is thought to be missing on a mythical island.",https://www.themoviedb.org/t/p/w300_and_h450_bestv2/hLZHJjsZ83Wfn3MRteNb6ew0WC7.jpg,https://youtu.be/IVX7OidrkXQ,2012-02-10,English,2,69,7
112,2023-02-06 07:06:59.699739+00,Baywatch,"Devoted lifeguard Mitch Buchannon butts heads with a brash new recruit. Together, they uncover a local criminal plot that threatens the future of the Bay.",https://www.themoviedb.org/t/p/w300_and_h450_bestv2/6HE4xd8zloDqmjMZuhUCCw2UcY1.jpg,https://youtu.be/Gudy17PDAHo,2017-05-26,English,2,70,1
116,2023-02-06 07:15:45.32879+00,Red Notice,"An Interpol-issued Red Notice is a global alert to hunt and capture the world's most wanted. But when a daring heist brings together the FBI's top profiler and two rival criminals, there's no telling what will happen.",https://www.themoviedb.org/t/p/w300_and_h450_bestv2/lAXONuqg41NwUMuzMiFvicDET9Y.jpg,https://youtu.be/T6l3mM7AWew,2021-11-05,English,2,73,15
119,2023-02-06 07:27:15.887481+00,Pain & Gain,"Daniel Lugo, manager of the Sun Gym in 1990s Miami, decides that there is only one way to achieve his version of the American dream: extortion. To achieve his goal, he recruits musclemen Paul and Adrian as accomplices. After several failed attempts, they abduct rich businessman Victor Kershaw and convince him to sign over all his assets to them. But when Kershaw makes it out alive, authorities are reluctant to believe his story.",https://www.themoviedb.org/t/p/w300_and_h450_bestv2/ddTWL7lZafCJ2VqWdaGg0pl8Adb.jpg,https://youtu.be/SEQ8jyvmYtw,2013-04-26,English,2,55,1
120,2023-02-06 07:30:01.496949+00,Deadpool,"The origin story of former Special Forces operative turned mercenary Wade Wilson, who, after being subjected to a rogue experiment that leaves him with accelerated healing powers, adopts the alter ego Deadpool. Armed with his new abilities and a dark, twisted sense of humor, Deadpool hunts down the man who nearly destroyed his life.",https://www.themoviedb.org/t/p/w300_and_h450_bestv2/fSRb7vyIP8rQpL0I47P3qUsEKX3.jpg,https://youtu.be/FyKWUTwSYAs,2016-02-10,English,2,75,13
127,2023-02-06 07:40:55.776035+00,Jack Ryan: Shadow Recruit,"Jack Ryan, as a young covert CIA analyst, uncovers a Russian plot to crash the U.S. economy with a terrorist attack.",https://www.themoviedb.org/t/p/w300_and_h450_bestv2/m7HcLUodrD4lM4s0Hui1tzO2pjO.jpg,https://youtu.be/S8EaxDvZt4w,2014-01-16,English,2,22,1
128,2023-02-06 07:44:30.654596+00,The Imitation Game,"Based on the real life story of legendary cryptanalyst Alan Turing, the film portrays the nail-biting race against time by Turing and his brilliant team of code-breakers at Britain's top-secret Government Code and Cypher School at Bletchley Park, during the darkest days of World War II.",https://www.themoviedb.org/t/p/w300_and_h450_bestv2/zSqJ1qFq8NXFfi7JeIYMlzyR0dx.jpg,https://youtu.be/Fg85ggZSHMw,2014-12-19,English,2,43,24
129,2023-02-06 07:48:08.126596+00,A Good Day to Die Hard,"Iconoclastic, take-no-prisoners cop John McClane, finds himself for the first time on foreign soil after traveling to Moscow to help his wayward son Jack - unaware that Jack is really a highly-trained CIA operative out to stop a nuclear weapons heist. With the Russian underworld in pursuit, and battling a countdown to war, the two McClanes discover that their opposing methods make them unstoppable heroes.",https://www.themoviedb.org/t/p/w300_and_h450_bestv2/t6tdenc9QnfMymDJa4TzZ8RNnnJ.jpg,https://youtu.be/NbUhLKH9Uoo,2013-02-14,English,2,78,13
134,2023-02-06 08:05:22.972232+00,The Raid,"Deep in the heart of Jakarta's slums lies an impenetrable safe house for the world's most dangerous killers and gangsters. Until now, the run-down apartment block has been considered untouchable to even the bravest of police. Cloaked under the cover of pre-dawn darkness and silence, an elite swat team is tasked with raiding the safe house in order to take down the notorious drug lord that runs it. But when a chance encounter with a spotter blows their cover and news of their assault reaches the drug lord, the building's lights are cut and all the exits blocked. Stranded on the sixth floor with no way out, the unit must fight their way through the city's worst to survive their mission. Starring Indonesian martial arts sensation Iko Uwais.",https://www.themoviedb.org/t/p/w300_and_h450_bestv2/Abnm1Ws3JH0ReCfEhLMPwPcMcGO.jpg,https://youtu.be/m6Q7KnXpNOg,2012-03-23,"Indonesia, English",2,79,8
135,2023-02-06 08:06:55.533349+00,The Raid 2,"After fighting his way through an apartment building populated by an army of dangerous criminals and escaping with his life, SWAT team member Rama goes undercover, joining a powerful Indonesian crime syndicate to protect his family and uncover corrupt members of his own force.",https://www.themoviedb.org/t/p/w300_and_h450_bestv2/olA39iaXISiKEkACdELgr0ZRvIF.jpg,https://youtu.be/ESyYHtD8Uak,2014-03-28,"Indonesia, English",2,79,8
136,2023-02-06 08:15:38.131571+00,Foxtrot Six,"Escalating climate change is turning the world economy upside down. With crops dying and food price spiking, FOOD has replaced oil as the world's most valuable commodity. Among the very few lands still left fertile, Indonesia is quickly rising as the next economic superpower, when its government is suddenly and ruthlessly overtaken by a popular rogue political party. In just three days, six former Marines must work together, find their long-lost brotherhood, stop a nationwide government- sanctioned genocide, and save millions of lives, for one last shot at redemption. Or die trying.",https://www.themoviedb.org/t/p/w300_and_h450_bestv2/o7c8FKCZFIrLKrZSzgqufvNo4mr.jpg,https://youtu.be/QvE-p_weGm4,2019-02-21,English,2,,5
103,2023-02-06 03:50:22.483407+00,Fast & Furious 6,"Hobbs has Dominic and Brian reassemble their crew to take down a team of mercenaries: Dominic unexpectedly gets convoluted also facing his presumed deceased girlfriend, Letty.",https://www.themoviedb.org/t/p/w300_and_h450_bestv2/n31VRDodbaZxkrZmmzyYSFNVpW5.jpg,https://youtu.be/z7zl_t48CMc,2013-05-22,English,2,65,12
105,2023-02-06 04:00:16.491585+00,The Fate of the Furious,"When a mysterious woman seduces Dom into the world of crime and a betrayal of those closest to him, the crew face trials that will test them as never before.",https://www.themoviedb.org/t/p/w300_and_h450_bestv2/dImWM7GJqryWJO9LHa3XQ8DD5NH.jpg,https://youtu.be/JwMKRevYa_M,2017-04-14,English,2,67,12
115,2023-02-06 07:13:28.28337+00,Black Adam,"Nearly 5,000 years after he was bestowed with the almighty powers of the Egyptian gods—and imprisoned just as quickly—Black Adam is freed from his earthly tomb, ready to unleash his unique form of justice on the modern world.",https://www.themoviedb.org/t/p/w300_and_h450_bestv2/pFlaoHTZeyNkG83vxsAJiGzfSsa.jpg,https://youtu.be/N73oTiIIJe0,2022-10-21,English,2,72,10
117,2023-02-06 07:21:44.302507+00,Fast & Furious Presents: Hobbs & Shaw,"Ever since US Diplomatic Security Service Agent Hobbs and lawless outcast Shaw first faced off, they just have traded smack talk and body blows. But when cyber-genetically enhanced anarchist Brixton's ruthless actions threaten the future of humanity, they join forces to defeat him.",https://www.themoviedb.org/t/p/w300_and_h450_bestv2/qRyy2UmjC5ur9bDi3kpNNRCc5nc.jpg,https://youtu.be/9SA7FaKxZVI,2019-08-02,English,2,74,
122,2023-02-06 07:32:19.753914+00,The Hitman's Bodyguard,"The world’s top bodyguard gets a new client, a hitman who must testify at the International Court of Justice. They must put their differences aside and work together to make it to the trial on time.",https://www.themoviedb.org/t/p/w300_and_h450_bestv2/5CGjlz2vyBhW5xHW4eNOZIdgzYq.jpg,https://youtu.be/IpKmt4MpctM,2017-08-16,English,2,62,19
126,2023-02-06 07:38:10.410336+00,Wonder Woman 1984,A botched store robbery places Wonder Woman in a global battle against a powerful and mysterious ancient force that puts her powers in jeopardy.,https://www.themoviedb.org/t/p/w300_and_h450_bestv2/8UlWHLMpgZm9bx6QYh0NFoq67TZ.jpg,https://youtu.be/sfM7_JLk-84,2020-12-25,English,2,77,7
133,2023-02-06 07:58:29.479637+00,John Wick: Chapter 4,"With the price on his head ever increasing, John Wick uncovers a path to defeating The High Table. But before he can earn his freedom, Wick must face off against a new enemy with powerful alliances across the globe and forces that turn old friends into foes.",https://www.themoviedb.org/t/p/w300_and_h450_bestv2/rAvgE4ms5eBJAz15Elk9t6MJzyU.jpg,https://youtu.be/cYX2_lDYZpI,2023-03-24,English,1,1,19
132,2023-02-06 07:55:58.52798+00,John Wick: Chapter 3 - Parabellum,"Super-assassin John Wick returns with a $14 million price tag on his head and an army of bounty-hunting killers on his trail. After killing a member of the shadowy international assassin’s guild, the High Table, John Wick is excommunicado, but the world’s most ruthless hit men and women await his every turn.",https://www.themoviedb.org/t/p/w300_and_h450_bestv2/ziEuG1essDuWuC5lpWUaw1uXY2O.jpg,https://youtu.be/M7XM597XO94,2019-05-17,English,2,1,19
131,2023-02-06 07:53:06.696932+00,John Wick: Chapter 2,"John Wick is forced out of retirement by a former associate looking to seize control of a shadowy international assassins’ guild. Bound by a blood oath to aid him, Wick travels to Rome and does battle against some of the world’s most dangerous killers.",https://www.themoviedb.org/t/p/w300_and_h450_bestv2/kL99FVq572hNPfMyfQCT7tGFNeQ.jpg,https://youtu.be/Sx1Qm3gavRg,2017-02-08,English,2,1,7
139,2023-02-06 08:23:06.626342+00,Ben & Jody,Two best friends band together with a group of villages to fight back against treacherous illegal loggers attempting to take away their land.,https://www.themoviedb.org/t/p/w300_and_h450_bestv2/1zpRGNnbeMoDs300hqwAL0awiq6.jpg,https://youtu.be/mB2H_M9a_4g,2022-01-27,Indonesia,2,80,25
141,2023-02-06 08:26:33.945486+00,Gundala,"Sancaka has lived on the streets since his parents left him. Living a hard life, Sancaka survives by thinking about his own safety. When the condition of the city gets worse and injustice rages throughout the country, Sancaka must decide whether he continues to live to look after himself or rise to become their oppressed hero.",https://www.themoviedb.org/t/p/w300_and_h450_bestv2/wZCo5qUz3IdIhs6466B9PpFglXU.jpg,https://youtu.be/fsXDJoSHqLs,2019-08-29,English,2,81,26
142,2023-02-06 13:46:48.114868+00,Star Wars: The Force Awakens,Star Wars: The Force Awakens,https://www.themoviedb.org/t/p/w300_and_h450_bestv2/wqnLdwVXoBjKibFRR5U3y0aDUhs.jpg,https://youtu.be/erLk59H86ww,2015-12-16,English,2,12,27
143,2023-02-06 13:53:21.900701+00,Rogue One: A Star Wars Story,A rogue band of resistance fighters unite for a mission to steal the Death Star plans and bring a new hope to the galaxy.,https://www.themoviedb.org/t/p/w300_and_h450_bestv2/i0yw1mFbB7sNGHCs7EXZPzFkdA1.jpg,https://youtu.be/Wji-BZ0oCwg,2016-12-16,English,2,84,27
144,2023-02-06 13:54:59.169519+00,Star Wars: The Rise of Skywalker,"The surviving Resistance faces the First Order once again as the journey of Rey, Finn and Poe Dameron continues. With the power and knowledge of generations behind them, the final battle begins.",https://www.themoviedb.org/t/p/w300_and_h450_bestv2/db32LaOibwEliAmSL2jjDF6oDdj.jpg,https://youtu.be/adzYW5DZoWs,2019-12-20,English,2,12,27
145,2023-02-06 13:56:59.957984+00,Star Wars: The Last Jedi,"Rey develops her newly discovered abilities with the guidance of Luke Skywalker, who is unsettled by the strength of her powers. Meanwhile, the Resistance prepares to do battle with the First Order.",https://www.themoviedb.org/t/p/w300_and_h450_bestv2/ySaaKHOLAQU5HoZqWmzDIj1VvZ1.jpg,https://youtu.be/zB4I68XVPzQ,2017-12-15,English,2,82,27
146,2023-02-06 14:05:21.216183+00,Ip Man,"A semi-biographical account of Yip Man, the first martial arts master to teach the Chinese martial art of Wing Chun. The film focuses on events surrounding Ip that took place in the city of Foshan between the 1930s to 1940s during the Second Sino-Japanese War. Directed by Wilson Yip, the film stars Donnie Yen in the lead role, and features fight choreography by Sammo Hung.",https://www.themoviedb.org/t/p/w300_and_h450_bestv2/ggTTUXZg7trvAhsVj3eyd65bAnh.jpg,https://youtu.be/8NIZda2Kcl4,2008-12-18,Cantonese,2,85,28
147,2023-02-06 14:06:35.046189+00,Ip Man 2,"Having defeated the best fighters of the Imperial Japanese army in occupied Shanghai, Ip Man and his family settle in post-war Hong Kong. Struggling to make a living, Master Ip opens a kung fu school to bring his celebrated art of Wing Chun to the troubled youth of Hong Kong. His growing reputation soon brings challenges from powerful enemies, including pre-eminent Hung Gar master, Hung Quan.",https://www.themoviedb.org/t/p/w300_and_h450_bestv2/yB5v6wRhIoZxlDvCFFCQhUNezDY.jpg,https://youtu.be/gaBdgu00otE,2010-04-29,Cantonese,2,85,28
148,2023-02-06 14:07:41.98955+00,Ip Man 3,"When a band of brutal gangsters led by a crooked property developer make a play to take over the city, Master Ip is forced to take a stand.",https://www.themoviedb.org/t/p/w300_and_h450_bestv2/RTt4lgyTDI8JHMGbZGDDbcZmkM.jpg,https://youtu.be/-6-Uq1D_o2o,2015-12-24,Cantonese,2,85,28
149,2023-02-06 14:08:47.818363+00,Ip Man 4: The Finale,"Following the death of his wife, Ip Man travels to San Francisco to ease tensions between the local kung fu masters and his star student, Bruce Lee, while searching for a better future for his son.",https://www.themoviedb.org/t/p/w300_and_h450_bestv2/b5cz6BoyHrgBnhfDHOW5hXRWbln.jpg,https://youtu.be/oCBGTCNJW2g,2019-12-20,Cantonese,2,85,28
151,2023-02-07 05:06:18.200741+00,Quantum of Solace,"Quantum of Solace continues the adventures of James Bond after Casino Royale. Betrayed by Vesper, the woman he loved, 007 fights the urge to make his latest mission personal. Pursuing his determination to uncover the truth, Bond and M interrogate Mr. White, who reveals that the organization that blackmailed Vesper is far more complex and dangerous than anyone had imagined.",https://www.themoviedb.org/t/p/w300_and_h450_bestv2/e3DXXLJHGqMx9yYpXsql1XNljmM.jpg,https://youtu.be/BBqYaFEWBxI,2008-11-14,English,2,87,14
154,2023-02-07 05:14:39.141802+00,Skyfall,"When Bond's latest assignment goes gravely wrong, agents around the world are exposed and MI6 headquarters is attacked. While M faces challenges to her authority and position from Gareth Mallory, the new Chairman of the Intelligence and Security Committee, it's up to Bond, aided only by field agent Eve, to locate the mastermind behind the attack.",https://www.themoviedb.org/t/p/w300_and_h450_bestv2/d0IVecFQvsGdSbnMAHqiYsNYaJT.jpg,https://youtu.be/24mTIE4D9JM,2012-11-01,English,2,89,8
156,2023-02-07 05:47:45.531093+00,Bad Boys,"Marcus Burnett is a hen-pecked family man. Mike Lowry is a foot-loose and fancy free ladies' man. Both are Miami policemen, and both have 72 hours to reclaim a consignment of drugs stolen from under their station's nose. To complicate matters, in order to get the assistance of the sole witness to a murder, they have to pretend to be each other.",https://www.themoviedb.org/t/p/w300_and_h450_bestv2/x1ygBecKHfXX4M2kRhmFKWfWbJc.jpg,https://youtu.be/jqBLf1EjAPE,1995-04-07,English,2,55,8
163,2023-02-07 07:27:46.470779+00,Sniper: Ultimate Kill,"A ruthless Columbian drug lord has been using a cold-blooded assassin nicknamed The Devil to wipe out his competition. Sensing a threat to the US, the DEA hires a Marine sniper to kill The Devil, and capture the kingpin.",https://www.themoviedb.org/t/p/w300_and_h450_bestv2/pi16aubY3qFKJWAh4npvm03ERkH.jpg,https://youtu.be/ZKBlKsx4N38,2017-10-03,English,2,95,8
166,2023-02-07 07:33:25.085769+00,Sniper: Reloaded,"Brandon Beckett (Collins), the son of the previous Sniper film's star Thomas Beckett (Tom Berenger), takes up the mantle set by his father and goes on a mission of his own.",https://www.themoviedb.org/t/p/w300_and_h450_bestv2/7vJD3LtQvcgCSKN5v2Ff6D9uG6W.jpg,https://youtu.be/b47y89OUTrw,2011-04-26,English,2,95,8
150,2023-02-07 05:01:10.671419+00,No Time to Die,"Bond has left active service and is enjoying a tranquil life in Jamaica. His peace is short-lived when his old friend Felix Leiter from the CIA turns up asking for help. The mission to rescue a kidnapped scientist turns out to be far more treacherous than expected, leading Bond onto the trail of a mysterious villain armed with dangerous new technology.",https://www.themoviedb.org/t/p/w300_and_h450_bestv2/iUgygt3fscRoKWCV1d0C7FbM9TP.jpg,https://youtu.be/BIhNsAtPbPI,2021-09-30,English,2,86,12
152,2023-02-07 05:11:36.020892+00,Casino Royale,"Le Chiffre, a banker to the world's terrorists, is scheduled to participate in a high-stakes poker game in Montenegro, where he intends to use his winnings to establish his financial grip on the terrorist market. M sends Bond—on his maiden mission as a 00 Agent—to attend this game and prevent Le Chiffre from winning. With the help of Vesper Lynd and Felix Leiter, Bond enters the most important poker game in his already dangerous career.",https://www.themoviedb.org/t/p/w300_and_h450_bestv2/8Gv1dylImVuoj3bZtEWoL1TLl2q.jpg,https://youtu.be/U4NT78c-pYs,2006-11-15,English,2,88,14
158,2023-02-07 05:50:00.785851+00,Bad Boys for Life,"Marcus and Mike are forced to confront new threats, career changes, and midlife crises as they join the newly created elite team AMMO of the Miami police department to take down the ruthless Armando Armas, the vicious leader of a Miami drug cartel.",https://www.themoviedb.org/t/p/w300_and_h450_bestv2/y95lQLnuNKdPAzw9F9Ab8kJ80c3.jpg,https://youtu.be/jKCj3XuPG8M,2020-01-17,English,2,90,8
162,2023-02-07 07:24:15.214589+00,American Sniper,"U.S. Navy SEAL Chris Kyle takes his sole mission—protect his comrades—to heart and becomes one of the most lethal snipers in American history. His pinpoint accuracy not only saves countless lives but also makes him a prime target of insurgents. Despite grave danger and his struggle to be a good husband and father to his family back in the States, Kyle serves four tours of duty in Iraq. However, when he finally returns home, he finds that he cannot leave the war behind.",https://www.themoviedb.org/t/p/w300_and_h450_bestv2/vJgtfUmZE5i4L12sOryAPuBa04K.jpg,https://youtu.be/cRbAXWfthtA,2015-03-06,English,2,94,7
165,2023-02-07 07:32:09.639975+00,Sniper: Assassin's End,"Special ops sniper Brandon Beckett and his legendary father look for a dark operative within the government, and take on Russian mercenaries and a yakuza-trained assassin.",https://www.themoviedb.org/t/p/w300_and_h450_bestv2/AiymaaYeAl9ZBoyUz2tz4k2XaKv.jpg,https://youtu.be/Ub9EikTkrTk,2020-06-16,English,2,97,8
168,2023-02-07 07:36:55.90877+00,Sniper: Special Ops,"A Special Ops military Force, led by expert sniper Sergeant Jake Chandler, are sent to a remote Afghan village to extract an American congressman being held by the Taliban.",https://www.themoviedb.org/t/p/w300_and_h450_bestv2/jgE31g7hqV9UVJKqz3LCwm5oDb8.jpg,https://youtu.be/Ar-5PAj-YOc,2016-04-03,English,2,98,17
153,2023-02-07 05:13:06.190071+00,Spectre,"A cryptic message from Bond’s past sends him on a trail to uncover a sinister organization. While M battles political forces to keep the secret service alive, Bond peels back the layers of deceit to reveal the terrible truth behind SPECTRE.",https://www.themoviedb.org/t/p/w300_and_h450_bestv2/672kUEMtTHcaVYSVY4eiHEliHFa.jpg,https://youtu.be/kQx_SrKS1sQ,2015-11-04,English,2,89,8
155,2023-02-07 05:15:49.793264+00,Knives Out,"When renowned crime novelist Harlan Thrombey is found dead at his estate just after his 85th birthday, the inquisitive and debonair Detective Benoit Blanc is mysteriously enlisted to investigate. From Harlan's dysfunctional family to his devoted staff, Blanc sifts through a web of red herrings and self-serving lies to uncover the truth behind Harlan's untimely death.",https://www.themoviedb.org/t/p/w300_and_h450_bestv2/pThyQovXQrw2m0s9x82twj48Jq4.jpg,https://youtu.be/qGqiHJTsRkQ,2019-11-27,English,2,82,19
157,2023-02-07 05:48:58.880046+00,Bad Boys II,"Out-of-control, trash-talking buddy cops Marcus Burnett and Mike Lowrey of the Miami Narcotics Task Force reunite, and bullets fly, cars crash and laughs explode as they pursue a whacked-out drug lord from the streets of Miami to the barrios of Cuba. But the real fireworks result when Marcus discovers that playboy Mike is secretly romancing Marcus’ sexy sister.",https://www.themoviedb.org/t/p/w300_and_h450_bestv2/yCvB5fG5aEPqa1St7ihY6KEAsHD.jpg,https://youtu.be/g6vcdR30W1A,2003-08-06,English,2,55,8
160,2023-02-07 05:59:29.68193+00,London Has Fallen,"In London for the Prime Minister's funeral, Mike Banning discovers a plot to assassinate all the attending world leaders.",https://www.themoviedb.org/t/p/w300_and_h450_bestv2/korY0GInEJThWEm23MRmErQ3GqT.jpg,https://youtu.be/q9y3z-lx-ZE,2016-03-03,English,2,92,19
161,2023-02-07 06:00:47.482754+00,Olympus Has Fallen,"When the White House (Secret Service Code: ""Olympus"") is captured by a terrorist mastermind and the President is kidnapped, disgraced former Presidential guard Mike Banning finds himself trapped within the building. As the national security team scrambles to respond, they are forced to rely on Banning's inside knowledge to help retake the White House, save the President and avert an even bigger disaster.",https://www.themoviedb.org/t/p/w300_and_h450_bestv2/ei2qjTiDpgKGuoSEntPCSAIhuvQ.jpg,https://youtu.be/ar-IaAx7s8k,2013-03-21,English,2,93,19
164,2023-02-07 07:30:52.524871+00,Sniper: Ghost Shooter,"Elite snipers Brandon Beckett and Richard Miller are tasked with protecting a gas pipeline from terrorists looking to make a statement. When battles with the enemy lead to snipers being killed by a ghost shooter who knows their exact location, tensions boil as a security breach is suspected. Is there someone working with the enemy on the inside? Is the mission a front for other activity? Is the Colonel pulling the strings?",https://www.themoviedb.org/t/p/w300_and_h450_bestv2/pk0OypQ6Z3rsOtl7r0UhTEEqu44.jpg,https://youtu.be/Y1IdgK-YtGQ,2016-08-02,English,2,96,8
159,2023-02-07 05:58:12.79027+00,Angel Has Fallen,"After a treacherous attack, Secret Service agent Mike Banning is charged with attempting to assassinate President Trumbull. Chased by his own colleagues and the FBI, Banning begins a race against the clock to clear his name.",https://www.themoviedb.org/t/p/w300_and_h450_bestv2/fapXd3v9qTcNBTm39ZC4KUVQDNf.jpg,https://youtu.be/XF8h3hOGBJM,2019-08-23,English,2,91,19
167,2023-02-07 07:34:35.446855+00,Sniper: Legacy,"After several military leaders are assassinated, Brandon hears his father was one of the people killed. As he hunts the killers, Brandon learns his father is not dead, and he is being used as bait.",https://www.themoviedb.org/t/p/w300_and_h450_bestv2/a9L1t3vRaZRU1Fa0kolfQGiTCnQ.jpg,https://youtu.be/z6mE4lA6OjU,2014-09-30,English,2,96,8